<?xml version="1.0" encoding="UTF-8"?>
<beans:beans xmlns="http://www.springframework.org/schema/mvc"
	xmlns:xsi="http://www.w3.org/2001/XMLSchema-instance"
	xmlns:beans="http://www.springframework.org/schema/beans"
	xmlns:context="http://www.springframework.org/schema/context"
	xsi:schemaLocation="http://www.springframework.org/schema/mvc https://www.springframework.org/schema/mvc/spring-mvc.xsd
		http://www.springframework.org/schema/beans https://www.springframework.org/schema/beans/spring-beans.xsd
		http://www.springframework.org/schema/context https://www.springframework.org/schema/context/spring-context.xsd">

	<!-- DispatcherServlet Context: defines this servlet's request-processing infrastructure -->
	
	<!-- Enables the Spring MVC @Controller programming model -->
	<annotation-driven />

	<!-- Handles HTTP GET requests for /resources/** by efficiently serving up static resources in the ${webappRoot}/resources directory -->
	<resources mapping="/resources/**" location="/resources/" />

	<!-- Resolves views selected for rendering by @Controllers to .jsp resources in the /WEB-INF/views directory -->
	<beans:bean class="org.springframework.web.servlet.view.InternalResourceViewResolver">
		<beans:property name="prefix" value="/WEB-INF/views/" />
		<beans:property name="suffix" value=".jsp" />
	</beans:bean>
	
	<context:component-scan base-package="com.care.root" />
	
	<beans:bean id="memberInterceptor" class="com.care.root.member.interceptor.MemberInterceptor"/>
	<beans:bean id="autoLogin" class="com.care.root.member.interceptor.AutoLoginInterceptor"/>
	<beans:bean id="adminInterceptor" class="com.care.root.member.interceptor.AdminInterceptor"/>
	
	<interceptors>
		<interceptor>
			<!--<mapping path="/index"/>  -->
			<mapping path="/member/memberInfo**"/>
			<mapping path="/member/kakaoMemberInfo**"/>
			<mapping path="/member/info**"/>
			<mapping path="/member/kakaoInfo**"/>
			<mapping path="/member/bookingList"/>
			<beans:ref bean="adminInterceptor"/>
		</interceptor>
		
		<interceptor>
			<!--<mapping path="/index"/>  -->
			<mapping path="/index"/>
			<beans:ref bean="autoLogin"/>
		</interceptor>
		<interceptor>
			<!--<mapping path="/index"/>  -->
			
			<mapping path="/member/index"/>
			<mapping path="/member/modify_save"/>
			<mapping path="/member/modify"/>
			<mapping path="/member/mypage"/>
			<!--mapping path="/member/memberInfo"/-->
			<beans:ref bean="memberInterceptor"/>
		</interceptor>
		
	</interceptors>
	
	<beans:bean id="multipartResolver" class="org.springframework.web.multipart.commons.CommonsMultipartResolver">
      <beans:property name="maxUploadSize" value="52428800"/>
      <beans:property name="defaultEncoding" value="utf-8"/>
   </beans:bean>
	
</beans:beans>
